ID,Full Name,Position,Division,Personal Webpage,Expertise List,Photo,About Me,Education,Publication
1,Abdul D. Abiad,Deputy Chief Economist,Office of the Chief Economist and Director General,https://sites.google.com/view/abdulabiad,Macroeconomics and monetary economics; Development economics; International economics,images/people/Abdul-D.-Abiad.webp,"Abdul Abiad is Deputy Chief Economist at the Asian Development Bank in Manila. He provides strategic guidance for ADB’s economic research and flagship reports. From 2000 to 2015, he was with the International Monetary Fund in Washington DC, where he worked on the World Economic Outlook. His research has focused on financial sector development, international financial integration, fiscal policy, monetary policy, exchange rates, trade, economic resilience, and infrastructure. A Philippine national, he has a BS in Mathematics from the University of the Philippines and a Ph.D. in Economics from the University of Pennsylvania","<p>Ph.D. in Economics, University of Pennsylvania, Philadelphia, USA</p><p>MA in Economics (coursework only), University of the Philippines-Diliman, Quezon City, Philippines</p><p>BS in Mathematics (magna cum laude), University of the Philippines-Diliman, Quezon City, Philippines</p>","<p>Abiad, Abdul, and I. Qureshi. 2023. “The Macroeconomic Effects of Oil Price Uncertainty.” <em>Energy Economics</em> 125: 106839.</p><p>Abiad, Abdul, M. A. Fay, R. Lavina, R. Platas, J. Pagaduan, and A. Sy. 2018. “The Evolution and Impact of Infrastructure in Middle-Income Countries: Anything Special?” <em>Emerging Markets Finance and Trade</em> 54: 1239–63.</p><p>Abiad, Abdul, D. Furceri, and P. Topalova. 2016. “The Macroeconomic Effects of Public Investment: Evidence from Advanced Economies.” <em>Journal of Macroeconomics</em> 50: 224–40.</p><p>Abiad, Abdul, J. Bluedorn, J. Guajardo, and P. Topalova. 2015. “The Rising Resilience of Emerging Market and Developing Economies.” <em>World Development</em> 72: 1–26.</p><p>Abiad, Abdul, P. Mishra, and P. Topalova. 2014. “How Does Trade Evolve in the Aftermath of Financial Crises?” <em>IMF Economic Review</em> 62(2): 213–47.</p><p>Abiad, Abdul, E. Detragiache, and T. Tressel. 2010. “A New Database of Financial Reforms.” <em>IMF Economic Review</em> 57(2): 281–302.</p><p>Abiad, Abdul, D. Leigh, and A. Mody. 2009. “Financial Integration, Capital Mobility, and Income Convergence.” <em>Economic Policy</em> 24(58): 241–305.</p><p>Abiad, Abdul, N. Oomes, and K. Ueda. 2008. “The Quality Effect: Does Financial Liberalization Improve the Allocation of Capital?” <em>Journal of Development Economics</em> 87(2): 270–82.</p><p>Abiad, Abdul, and A. Mody. 2005. “Financial Reform: What Shakes It? What Shapes It?” <em>American Economic Review</em> 95(1): 66–88.</p><p>Abiad, Abdul, E. Lavina, R. Platas, J. Pagaduan, and C. Jabaqat. 2020. “The Impact of COVID-19 on Developing Asia: The Pandemic Extends into 2021.” ADB Policy Brief No. 159. Manila: Asian Development Bank.</p>"
2,Albert F. Park,Chief Economist and Director General,Office of the Chief Economist and Director General,https://ph.linkedin.com/in/-albertpark,"Development economics; Labor and demographic economics; Health, education, and welfare",images/people/Albert-F.-Park.webp,"Albert F. Park is Chief Economist of the Asian Development Bank (ADB) and Director General of its Economic Research and Development Impact Department. He is chief spokesperson on economic and development trends and leads the production of ADB’s flagship knowledge products and support for regional cooperation fora.
Mr. Park has more than 2 decades of experience as a development economist and is a well-known expert on the economy of the People’s Republic of China. He has worked on a broad range of development issues including poverty and inequality, intergenerational mobility, microfinance, migration and labor markets, the future of work, and foreign investment.
Mr. Park is Chair Professor of Economics, Social Science, and Public Policy at HKUST (on leave). He served as a founding director of HKUST’s Institute for Emerging Market Studies and Center for Economic Policy, and previously held faculty positions at the University of Oxford and University of Michigan. A national of the United States, he received his bachelor’s degree in economics from Harvard University and his doctorate in applied economics from Stanford University.","<p>Ph.D., Applied Economics, Stanford University, United States </p><p>Bachelor, Economics, Harvard College, United States</p>","<p>Lewandowski, P., K. Madoń, and A. F. Park. 2026. “Workers' Exposure to Artificial Intelligence Across Development Stages.” <em>ADB Economics Working Paper No. 836</em>.</p>
 <p>Chen, J., R. Molato-Gayares, A. F. Park, and D. Tan. 2026. “Long-Term Outcomes of Multi-Context Childhood Poverty: Evidence from Long Panel Data from Indonesia.” <em>ADB Economics Working Paper No. 833</em>.</p>
 <p>Dela Cruz, N. A., A. J. Adona, R. Molato-Gayares, and A. F. Park. 2025. “<a href=""https://doi.org/10.1016/j.ijedudev.2025.103271"">Learning Loss and Recovery from the COVID-19 Pandemic: A Systematic Review of Evidence.</a>” <em>International Journal of Educational Development</em> 115: 103271.</p>
 <p>Butaeva, K. and A. F. Park. 2025. “Provincial-Level Income Inequality in the People's Republic of China: The Role of Human Capital.” <em>ADB Economics Working Paper No. 813</em>.</p>
 <p>Cai, S., A. F. Park, and S. Wang. 2025. “<a href=""https://doi.org/10.22617/WPS250409-2"">Microfinance Can Raise Incomes: Evidence from a Randomized Controlled Trial in the People's Republic of China.</a>” <em>ADB Economics Working Paper No. 812</em>.</p>
 <p>Butaeva, K., L. Chen, S. Durlauf, and A. F. Park. 2025. “A Tale of Two Transitions: Mobility Dynamics in the People's Republic of China and Russia After Central Planning.” <em>ADB Economics Working Paper No. 807</em>.</p>
 <p>Berkhout, E., S. Maulana, R. Molato-Gayares, A. F. Park, and D. Suryadarma. 2025. “<a href=""http://dx.doi.org/10.22617/WPS250115-2"">Lead Exposure and Cognitive Skills in a Developing Country: Evidence from Toxic Sites in Indonesia.</a>” <em>ADB Economics Working Paper No. 774</em>.</p>
 <p>Ichimura, H., X. Lei, C. Lee, J. Lee, A. Park and Y. Sawada 2024. “Wellbeing of Older Individuals in East Asia.” <em>The Japanese Economic Review</em> 75(4): 519-546.</p>
 <p>Maddawin, A., P. J. Morgan, A. F. Park, D. Suryadarma, T. Q. Long, and P. Vandenberg. 2024. “Learning Disruptions during the COVID-19 Pandemic: Evidence from Household Surveys in Southeast Asia.” <em>International Journal of Educational Development</em> 107: 103053</p>"
3,Arturo Jr M. Martinez,Senior Statistician,Data Division,https://development.asia/expert/arturo-martinez-jr,Statistics; Quantitative analysis; Data science,images/people/Arturo-Jr-M.-Martinez.webp,"Art Martinez, Jr. is a Senior Statistician at the Asian Development Bank, where he supports the Key Indicators for Asia and the Pacific, ADB’s main statistical publication. His research and publications focus on poverty measurement, social mobility, inequality of opportunity, SDG indicators, with a strong emphasis on innovative methods such as big data, satellite imagery, and geospatial analytics to improve statistical granularity and policy relevance in developing member countries.ember countries. Before joining ADB, Art was a Research Fellow at the University of Queensland’s Institute for Social Science Research, studying social and economic inequality and mobility using large-scale survey and administrative data. He holds a PhD in Social Statistics from the University of Queensland and an MS in Statistics from the University of the Philippines. He has published on multidimensional poverty, social mobility, inequality, application of big data, and survey sampling design.","<p>Doctor of Philosophy (Social Statistics), The University of Queensland, Australia</p><p>Master of Science (Statistics), University of the Philippines Diliman, Philippines</p><p>Bachelor of Science (Statistics, magna cum laude), University of the Philippines Diliman, Philippines</p>","<p>Thegeya, A., T. Mitterling, C. Njoroge, A. Martinez, Y. Iddawela, J. Bulan, R. Durante, O. Garonita, and J. Mag-Atas. 2026. “Evaluating the Effectiveness of Satellite Image Super-Resolution for Road Quality Monitoring.” <em>Scientific Reports</em>.</p><p>Hofer, M., T. Sako, J. Bulan, M. Addawe, R. Durante, and M. Martillan. 2025. “<a href=""https://doi.org/10.1111/asej.12349"">Exploring the Use of Satellite Imagery and Computer Vision-Based Machine Learning Method to Improve the Spatial Granularity of Poverty Statistics</a>.” <em>Asian Economic Journal</em> 39(1).</p><p>Fenz, K., A. Mitterling, J. Bulan, R. Durante, M. Martillan, M. Addawe, and I. Rotiner-Frasecky. 2023. “<a href=""https://doi.org/10.1142/S0116110524500021"">Compiling Granular Population Data Using Geospatial Information</a>.” <em>Asian Development Review</em> 41(1): 263–300.</p><p>Puttanapong, N., A. Martinez, J. Bulan, M. Addawe, R. Durante, and M. Martillan. 2022. “Predicting Poverty Using Geospatial Data in Thailand.” <em>International Journal of Geo-Information</em> 11(5): 293.</p><p>Joshi, K., A. Martinez, M. Addawe, C. Soco, and H. Swaminathan. 2022. “<a href=""https://doi.org/10.1080/00220388.2022.2029417"">Contextualizing Individual-Level Asset Data Collection: Evidence from Household Surveys</a>.” <em>Journal of Development Studies</em> 58(6): 1259–79.</p><p>Baffour, B., M. Haynes, H. Chandra, and A. Martinez. 2018. “<a href=""https://doi.org/10.1111/insr.12270"">Localised Estimates of Dynamics of Multidimensional Disadvantage: An Application of the Small Area Estimation Technique Using Australian Survey and Census Data</a>.” <em>International Statistical Review</em> 87(1): 1–23.</p><p>Martinez, A., and F. Perales. 2017. “<a href=""https://doi.org/10.1007/s11205-015-1185-1"">The Dynamics of Multidimensional Poverty in Contemporary Australia</a>.” <em>Social Indicators Research</em> 130: 479–96.</p><p>Leyso, N., A. Martinez, and I. Sebastian-Samaniego. 2017. “Economic Mobility in Urban Southeast Asia: The Case of the Philippines and Indonesia.” <em>The Philippine Statistician</em> 66(2).</p><p>Martinez, A., T. Rampino, M. Western, W. Tomaszewski, and J. Roque. 2017. “<a href=""https://doi.org/10.1111/1759-3441.12184"">Estimating the Contribution of Circumstances That Reflect Inequality of Opportunities</a>.” <em>Economic Papers</em> 36(4): 380–400.</p><p>Baffour, B., M. Haynes, M. Western, D. Pennay, S. Misson, and A. Martinez. 2016. “<a href=""https://doi.org/10.1515/jos-2016-0029"">Weighting Strategies for Combining Data from Dual Frame Telephone Surveys: Emerging Evidence from Australia</a>.” <em>Journal of Official Statistics</em> 32(3): 549–78.</p>"
4,Daniel Suryadarma,Senior Economist,Economic Analysis and Operational Support Division,https://sites.google.com/view/dsuryadarma,"Health, education, and welfare; Labor and demographic economics; Quantitative analysis",images/people/Daniel-Suryadarma.webp,"Daniel conducts applied economics research in human development, poverty, and social policy in low- and middle-income countries. He has published nearly 40 research articles in economics journals, including the American Economic Journal: Applied Economics and Journal of Development Economics. Daniel is a co-editor of Economics of Education Review and an associate editor of Asian Development Review. He has advised the Indonesian Ministries of Economic Affairs, Education, Finance, and Health. He is involved in research partnerships with the governments of the Philippines, Bhutan, and Cambodia. Daniel has a doctorate in economics from the Australian National University.","<p>PhD Economics, Australian National University</p><p>MA Economics, University of Toronto</p><p>BA (Specialist) Economics, Brandon University, Canada</p>","<p>Suryadarma, Daniel, Yixin Sun, Jeanne Sorin Le Guével, Dil Rahut, and Budy Resosudarmo. 2025. “High Indoor Air Pollution in a Developing Megacity: The Role of Outdoor PM2.5 and Household Characteristics.” <em>ADBI Working Paper</em> 1510.</p><p>Suryadarma, Daniel, Emilie Berkhout, Rhea Molato-Gayares, Sandy Maulana, and Albert Park. 2025. “Lead Exposure and Cognitive Skills in a Developing Country: Evidence from Toxic Sites in Indonesia.” <em>ADB Economics Working Paper</em> 774.</p><p>Suryadarma, Daniel, Hiroshi Maeda, and Ryan Edwards. 2024. “Remittances from Tongan Migrant Workers: Channels, Costs, and Potential Gains from Switching.” <em>ADBI Working Paper</em> 1427.</p><p>Suryadarma, Daniel, Takiko Igarashi, and Pooja Yadav. 2023. “Linguistic Diversity, School Language of Instruction Policy, and Learning Outcomes across Asia and the Pacific.” <em>ADBI Working Paper</em> 1388.</p><p>Suryadarma, Daniel, Asri Yusrina, Luhur Bima, and Emilie Berkhout. 2022. “Selecting Teachers in Indonesia: Predicting Teacher Performance Using Pre-Employment Information.” <em>RISE Working Paper</em> 22/098.</p><p>Suryadarma, Daniel, Emilie Berkhout, Goldy Dharmawan, Amanda Beatty, and Menno Pradhan. 2022. “Who Benefits and Loses from Large Changes to Student Composition? Assessing Impacts of Lowering School Admissions Standards in Indonesia.” <em>RISE Working Paper</em> 22/094.</p><p>Suryadarma, Daniel, Niken Kusumawardhani, Luca Tiberti, and Veto Tyas Indrio. 2019. “What Skills Lead to Entrepreneurial Success? Evidence from Non-Farm Household Enterprises in Indonesia.” <em>PEP Working Paper</em> 2019-14.</p><p>Suryadarma, Daniel, and Trang Thun Vu. 2026. “What Happens to the Learning Outcomes of Left-Behind Children When Parents Are Away? Evidence from Four Pacific Island Countries.” <em>Asia and the Pacific Policy Studies</em> 13(1): e70057.</p><p>Suryadarma, Daniel, Mayang Rizky, and Asep Suryahadi. 2025. “Effect of Growing Up Poor on Labor Market Outcomes: Evidence from Indonesia.” <em>Journal of International Development</em> 37(4): 938–950.</p><p>Suryadarma, Daniel, Takiko Igarashi, and Sandy Maulana. 2024. “Mother Tongue-Based Education in a Diverse Society and the Acquisition of Foundational Skills: Evidence from the Philippines.” <em>Labour Economics</em> 91: 102641.</p>"
5,Ed Kieran C. Reyes,Associate Economics Officer (Data Management),Macroeconomics Research Division,https://ph.linkedin.com/in/ed-kieran-reyes-a40742142,Data science; Statistics; Quantitative analysis,images/people/Ed-Kieran-C.-Reyes.webp,"Ed's work centers on macroeconomic surveillance and analysis, with emphasis on data science and statistical methodologies. Previously, he was a consultant in ADB’s Data Division, where he focused on big data analysis to support development research. He holds a bachelor's degree in statistics and a master's degree in development economics, both from the University of the Philippines.",,
6,Jaqueson K. Galimberti,Senior Economist,Macroeconomics Research Division,https://sites.google.com/site/jkgeconoeng/,Macroeconomics and monetary economics; Quantitative analysis; Statistics,images/people/Jaqueson-K.-Galimberti.webp,"Jaqueson Galimberti is a Senior Economist at the Economic Research and Development Impact Department at the Asian Development Bank. Prior to joining ADB, Jaqueson worked as a Senior Economic Analyst at the Reserve Bank of New Zealand and as an Associate Professor at Auckland University of Technology. He obtained his PhD in Economics from the University of Manchester and worked as a postdoctoral researcher at ETH Zurich. His research is about macroeconomics with a focus on modeling, measurement, and forecasting. He has a track record of publications in peer-reviewed academic journals in macroeconomics and computational economics.",,
7,Jeffrey B. Napoles,Associate Statistics Officer,Data Division,,Statistics; Development economics,images/people/Jeffrey-B.-Napoles.webp,"Jeffrey B. Napoles is an Associate Statistics Officer at the Asian Development Bank (ADB), where he develops and maintains statistical database systems, builds internal automation tools, and contributes to flagship data publications. Prior to his current role, he served as a Consultant at ADB — leading cloud migration of enterprise databases, designing data visualization dashboards, and supporting international data standardization initiatives across the Asia-Pacific region.",,
8,John Beirne,Principal Economist,Macroeconomics Research Division,https://scholar.google.com/citations?user=tDjmtugAAAAJ&hl=en,International economics; Macroeconomics and monetary economics; Financial economics,images/people/John-Beirne.webp,"John Beirne is a Principal Economist at the Asian Development Bank (ADB) in the Philippines. Previously, he was Vice-Chair of Research and a Senior Fellow at the ADB Institute in Japan, and before that, a Senior Economist at the European Central Bank in Germany. Earlier in his career, he worked in academia and the private sector in the United Kingdom and Ireland. John’s research and policy work focuses on exchange rates, commodities, financial crisis and contagion, fiscal policy, and monetary policy transmission. He has published widely in journals and holds a PhD in Economics from Brunel University of London.",,
9,Jong Woo Kang,Director,Regional Cooperation and Integration Division,https://www.linkedin.com/in/jong-woo-kang-b43a1040/,International economics; Macroeconomics and monetary economics; Environmental and ecological economics,images/people/Jong-Woo-Kang.webp,"Jong Woo Kang is Director of Regional Cooperation and Integration Division. As director, he plays a role as an interface between ADB’s internal and external stakeholders on regional cooperation and integration. He was Principal Economist at ERDI, Senior Advisor to the Managing Director General of ADB and Senior Economist at Strategy and Policy Department. He leads the annual publication of Asian Economic Integration Report. Areas of his research interest include regional integration, inclusive growth, macroeconomic policies, international trade and finance, and aid effectiveness. Before joining ADB, he was director at Ministry of Finance and Economy of Korea until 2006.","<p>Ph.D., Economics, University of Washington, , </p><p>M.A., Public Administration, Seoul National University, , </p><p>B.S., Economics, Seoul National University, , </p>","<p>Kang, Jong Woo, and Joshua Gapay. 2024. “Indirect Channel of Trade Agreements in Deepening Global Value Chains.” <em>The World Economy</em> 47(8): 3511–3550.</p><p>Kang, Jong Woo, Mara Tayag, and Dominique Sy. 2023. “Consumption Response to Government Income Subsidies: Korea’s Case.” <em>Journal of Asian and African Studies</em> 58(6): 941–974.</p><p>Kang, Jong Woo, Tengfei Wang, and Vince Valentine. 2020. “A Holistic Analysis of National E-Commerce and Logistics Development.” <em>Maritime Economics & Logistics</em> 22: 500–513.</p><p>Kang, Jong Woo, and Dorothea Ramizo. 2020. “Impact of Antidumping Measures on International Trade: Growing South–South Tensions?” <em>The Journal of International Trade and Economic Development</em> 29(3): 334–352.</p><p>Kang, Jong Woo, and Suzette Dagli. 2018. “Tariff Barrier and Industrial Spillover Effect.” <em>Journal of Korea Trade</em> 22(3): 228–246.</p><p>Kang, Jong Woo, and Dorothea Ramizo. 2017. “Impact of Sanitary and Phytosanitary Measures and Technical Barriers on International Trade.” <em>Journal of World Trade</em>, no. 4: 539–573.</p><p>Kang, Jong Woo, and Theo Eicher. 2005. “Trade, Foreign Direct Investment or Acquisition: Optimal Entry Modes for Multinationals.” <em>Journal of Development Economics</em> 77: 207–228.</p><p>Kang, Jong Woo, and Lovely Tolin. 2025. “Effective Mechanisms for Raising Tax Revenues.” ADB Economics Working Paper Series no. 790.</p><p>Kang, Jong Woo, and Carlos Cabareero. 2025. “Dynamic Impact of Foreign Exchange Trading Volume on Foreign Exchange Volatility.” ADB Economics Working Paper Series no. 768.</p><p>Kang, Jong Woo, Manuel Leonard Albis, and Mara Claire Tayag. 2024. “Estimating Regional Integration Using the Bayesian State-Space Approach.” ADB Economics Working Paper Series no. 712.</p>"
10,Joseph Albert Nino M. Bulan,Associate Statistics Officer,Data Division,,Statistics; Development economics,images/people/Joseph-Albert-Nino-M.-Bulan.webp,"Seph Bulan is a development statistician with over a decade of expertise in poverty measurement, small area estimation, and strengthening statistical capacity of various stakeholders. Proficient in quantitative research, project management, and engaging stakeholder collaboration. Other research interests include geospatial analytics, machine learning applications, Sustainable Development Goals (SDGs), labor and employment trends, and gender statistics.","<p>Bachelor of Science in Statistics, University of the Philippines, Los Baños, Philippines.</p><p>Masters of Science in Statistics, University of the Philippines, Diliman, Philippines.</p>",0
11,Kalyani Raghunathan,Senior Economist (Development Impact),Economic Analysis and Operational Support Division,https://sites.google.com/view/kalyani-raghunathan/home; https://scholar.google.com/citations?user=cv4DOugAAAAJ&hl=en; ; https://ph.linkedin.com/in/kalyani-raghunathan-28a122338; https://www.researchgate.net/profile/Kalyani-Raghunathan,"Quantitative analysis; Health, education, and welfare; Agricultural and natural resource economics",images/people/Kalyani-Raghunathan-copy.webp,"Kalyani joined EREA as Senior Economist (Development Impact) in April 2026. Prior to joining ADB, she was Research Fellow at the International Food Policy Research Institute (IFPRI), where she worked on projects in India, Bangladesh, Nepal, Guatemala, Uganda, Rwanda, Kenya, Nigeria, and Ethiopia. She is interested in agriculture, gender, health and nutrition, and social protection, with several papers on the cost and affordability of healthy diets and on the impacts of women’s self-help groups. Her work has been published in Food Policy, World Development, Journal of Development Studies, and Agricultural Economics. She holds a PhD in Economics from Cornell University.","<p>Ph.D., Economics, Cornell University, Ithaca, NY, </p><p>M.A., Economics, Indian Statistical Institute, New Delhi, India</p><p>B.A., Economics, St. Stephen’s College, Delhi University, , India</p>","<p>Raghunathan, K., M. Mahmoud, G. Ramani, J. Heckert, and G. Seymour. 2025. “Do Estimates of Women’s Control over Income and Decision-Making Vary across Nationally Representative Survey Programs?” <em>Social Indicators Research</em>.</p><p>Kumar, N., K. Raghunathan, A. Quisumbing, S. Scott, P. Menon, G. Thai, S. Gupta, C. Nichols, and WINGS Study Team. 2024. “<a href=""https://doi.org/10.1016/j.foodpol.2024.102716"">Women Improving Nutrition through Self-Help Groups in India: Does Nutrition Information Help?</a>” <em>Food Policy</em> 128: 102716.</p><p>Narayanan, S., K. Raghunathan, and A. Christopher. 2024. “Beyond the Consumer Food Price Index.” <em>Economic and Political Weekly</em> 59(32).</p><p>Raghunathan, K. 2024. “Andaleeb Rahman and Prabhu Pingali: The Future of India’s Social Safety Nets: Focus, Form, and Scope.” <em>Indian Economic Review</em>.</p><p>Quisumbing, A., R. Meinzen-Dick, G. Seymour, J. Heckert, E. Myers, and GAAP2 for the WEAI Study Team. 2024. “Enhancing Agency and Empowerment in Agricultural Development Projects: A Synthesis of Mixed Methods Impact Evaluations from the Gender, Agriculture, and Assets Project, Phase 2 (GAAP2).” <em>Journal of Rural Studies</em> 108: 103295.</p><p>Headey, D., K. Hirvonen, H. Alderman, S. De Pee, and K. Raghunathan. 2024. “Diet Affordability: Understanding the High Cost of Healthy Diets.” In <em>2024 Global Food Policy Report: Food Systems for Healthy Diets and Nutrition</em>. International Food Policy Research Institute.</p><p>Headey, D., F. N. Bachewe, Q. Marshall, K. Raghunathan, and K. Mahrt. 2024. “Food Prices and the Wages of the Poor: A Low-Cost, High-Value Approach to High-Frequency Food Security Monitoring.” <em>Food Policy</em> 125: 102630.</p><p>Chowdhury, S., Md. N. B. Khaled, D. Mallick, K. Raghunathan, and S. Rashid. 2024. “Resilience of Social Transfer Programs to Large Unexpected Shocks.” <em>Journal of Development Studies</em> 60(5): 788–805.</p><p>Quisumbing, A., J. Heckert, H. Malapit, R. Meinzen-Dick, K. Raghunathan, G. Seymour, S. Faas, and E. Myers. 2023. “Gender and Food Systems: Avenues for Transformation?” In <em>African Food Systems Transformation and the Post‑Malabo Agenda: ReSAKSS 2023 Annual Trends and Outlook Report</em>, edited by J. M. Ulimwengu, E. M. Kwofe, and E. M. Collins. Washington, DC: AKADEMIYA2063 and International Food Policy Research Institute.</p><p>Narayanan, S., K. Raghunathan, S. Rashid, and A. Winter‑Nelson. 2023. “Lessons from a Time of Upheaval: COVID‑19 in South Asia.” <em>Applied Economic Perspectives and Policy</em> 45(4): 2078–2093.</p>"
12,Katariina Nilsson Hakkala,Senior Economist,Regional Cooperation and Integration Division,https://sites.google.com/view/katariina-nilsson-hakkala/home?authuser=0,Development economics; International economics; Quantitative analysis,images/people/Katariina-Nilsson-Hakkala.webp,"Katariina Nilsson Hakkala is Senior Economist with over 25 years in economic research. She specializes in international and financial economics, including export competition, global value chains, FDI, governance, law reform, and financial sector development, and leads the private sector research priority group of ERDI. Dr. Nilsson Hakkala has taught at graduate and undergraduate levels and advised governments and international organizations. Her work appears in top journals such as the Review of Economics and Statistics, Economic Journal, European Economic Review, Economica, the Canadian Journal of Economics, the Review of World Economics. She earned her Ph.D. from the Stockholm School of Economics.","<p>PhD (Ek Dr), Economics, Stockholm School of Economics (Handelshögskolan i Stockholm), Sweden.</p><p>Master of Economic Sciences (including bachelor’s degree), Economics (Ek Mag), Lund University School of Economics and Management, Sweden.</p>","<p>Nilsson Hakkala, Katariina, A. Ariu, B. J. Jensen, and S. Tamminen. 2026. “Service Imports, Workforce Composition, and Firm Performance: Evidence from Finnish Microdata.” NBER Working Paper 26355. Conditionally accepted to <em>European Economic Review</em>.</p><p>Nilsson Hakkala, Katariina, T. Maczulskij, and Z. El-Sahli. 2026. “Firm-Level Responses to Export Demand Shocks: Swedish and Finnish Exporters.” <em>Economica</em>, online before print.</p><p>Nilsson Hakkala, Katariina, and Y. Pan. 2024. “Emerging Trade Battlefield with China: Export Competition and Coping Strategies of Finnish Firms.” <em>Economica</em> 91(364): 1454–1481.</p><p>Nilsson Hakkala, Katariina, and A. Sembenelli. 2018. “Multinationals, Competition and Productivity Spillovers through Worker Mobility.” <em>Review of World Economics</em> 154(2): 401–426.</p><p>Nilsson Hakkala, Katariina, F. Heyman, and F. Sjöholm. 2014. “Multinational Firms and Job Tasks.” <em>European Economic Review</em> 66: 248–265.</p><p>Nilsson Hakkala, Katariina, O. Bertrand, P.-J. Norbäck, and L. Persson. 2012. “Should Countries Block Foreign Takeovers of R&D Champions and Promote Greenfield Entry?” <em>Canadian Journal of Economics</em> 45(3).</p><p>Nilsson Hakkala, Katariina, F. Heyman, and F. Sjöholm. 2010. “Cross-Border Acquisitions, Multinationals and Wage Elasticities.” <em>Review of World Economics</em> 146: 263–280.</p><p>Nilsson Hakkala, Katariina, P.-J. Norbäck, and H. Svaleryd. 2008. “Asymmetric Effects of Corruption on FDI: Evidence from Swedish Firms.” <em>Review of Economics and Statistics</em> 90(4): 627–642.</p><p>Hakkala, Katariina, and K. Ekholm. 2007. “Location of R&D and High-Tech Production by Vertically Integrated Multinationals.” <em>Economic Journal</em> 117: 512–543.</p><p>Hakkala, Katariina. 2006. “Corporate Restructuring and Labor Productivity Growth.” <em>Industrial and Corporate Change</em> 15(4): 683–714.</p>"
13,Kosintr Puongsophol,Principal Economist,Regional Cooperation and Integration Division,https://www.linkedin.com/in/kosintr-puongsophol/,Financial economics,images/people/Kosintr-Puongsophol.webp,"Kosintr (Pok) Puongsophol is a Senior Financial Sector Specialist at the Asian Development Bank, specializing in local currency bond market development and sustainable finance across ASEAN+3. He leads ADB’s Green, Social, Sustainable, and Other Labeled (GSS+) Bonds Initiative, a strategic initiative under the ASEAN+3 Asian Bond Markets Initiative and the ASEAN Catalytic Green Finance Facility, with a strong focus on catalyzing innovative GSS+ transactions and strengthening the sustainable finance ecosystem in Southeast Asia. He has worked with over 20 issuers to mobilize more than $15 billion in local currency sustainable finance transactions.",,
14,Mahinthan J. Mariasingham,Principal Statistician,Data Division,https://www.linkedin.com/in/joseph-mariasingham-21659b13b/,Statistics; Quantitative analysis; Development economics,images/people/Mahinthan-J.-Mariasingham.webp,"Experienced professional dedicated to international development through evidence based policy making at the global and local levels, with portfolio of projects covering several ADB member countries. Collaborates effectively with national governments and international organizations to develop statistical and analytical capacities in countries in Asia and the Pacific. Equips and enables policy makers through high quality data to study their respective economies and their interconnections to global production networks. Leads multi-country, multi-functional teams in modernizing statistical infrastructures. Facilitates the use of advanced technologies and innovative data in official statistics. Specialized in transforming diverse and multi sourced data into actionable economic information.",,
15,Matteo Lanzafame,Director,Macroeconomics Research Division,https://sites.google.com/site/matteolanzafamesite/Home,International economics; Development economics; Macroeconomics and monetary economics,images/people/Matteo-Lanzafame.webp,"Dr Matteo Lanzafame is Director of the Macroeconomics Research Division, in the Economic Research and Development Impact Department of the Asian Development Bank (ADB). He is a macroeconomist and conducts research in many areas, with a particular focus on growth and development issues. He leads the team that produces ADB's Asian Development Outlook and conducts macroeconomic surveillance and monitoring. Prior to joining ADB in 2019, Matteo was Associate Professor of Political Economy at the University of Messina, in Italy. He holds an MA in Development Economics and a PhD in Economics from the University of Kent, in the UK.","<p>PhD in Economics, University of Kent, UK</p><p>MA in Development Economics, University of Kent, UK</p><p>Laurea (BSc) in Political Sciences, University of Messina, Italy</p>","<p>Lanzafame, Matteo, and A. F. Gravina. 2025. “What’s Your Shape? A Data-Driven Approach to Estimating the Environmental Kuznets Curve.” <em>Energy Economics</em> 148: 108649.</p><p>Lanzafame, Matteo, and A. F. Gravina. 2024. “Demography, Growth, and Robots in Advanced and Emerging Economies.” <em>Asian Development Review</em> 41: 1–26.</p><p>Lanzafame, Matteo, G. Estrada, and J. Felipe. 2022. “The Turnaround in Philippine Growth: From Disappointment to Promising Success.” <em>Structural Change and Economic Dynamics</em> 62: 327–342.</p><p>Lanzafame, Matteo, and A. F. Gravina. 2021. “Finance, Globalisation, Technology, and Inequality: Do Nonlinearities Matter?” <em>Economic Modelling</em> 96: 96–110.</p><p>Lanzafame, Matteo, and J. Felipe. 2020. “The PRC’s Long-Run Growth through the Lens of the Export-Led Growth Model.” <em>Journal of Comparative Economics</em> 48: 163–181.</p><p>Lanzafame, Matteo, G. Estrada, and J. Felipe. 2019. “Is Indonesia’s Growth Rate Balance-of-Payments-Constrained? A Time-Varying Estimation Approach.” <em>Review of Keynesian Economics</em> 7: 537–553.</p><p>Lanzafame, Matteo. 2016. “Potential Growth in Asia and Its Determinants: An Empirical Investigation.” <em>Asian Development Review</em> 33: 1–27.</p><p>Lanzafame, Matteo, C. Dacuycuy, and J. Felipe. 2016. “The Declining Share of Agricultural Employment in the People’s Republic of China: How Fast?” <em>Structural Change and Economic Dynamics</em> 37: 127–137.</p><p>Lanzafame, Matteo. 2016. “Inflation Targeting and Interest Rates: A Panel Time-Series Approach.” <em>Oxford Economic Papers</em> 68: 484–505.</p><p>Lanzafame, Matteo. 2014. “The Balance of Payments Constrained Growth Rate and the Natural Rate of Growth: New Empirical Evidence.” <em>Cambridge Journal of Economics</em> 38: 817–838.</p>"
16,Melanie Grace A. Quintos,Economics Officer,Macroeconomics Research Division,,Public economics; Macroeconomics and monetary economics,images/people/Melanie-Grace-A.-Quintos.webp,"I contribute to the Asian Development Outlook, supporting the publication through data analysis, research, and policy insights. I have also worked on the Asia‑Pacific Climate Report and on technical assistance related to Nowcasting and Disasters: Impact‑Based Forecasting and Socioeconomic Monitoring. Prior to joining the Asian Development Bank, I spent 11 years at the Department of Economy, Planning, and Development of the Philippines, where I specialized in macroeconomic analysis and policy development. I hold a master’s degree in Public Economics from Hitotsubashi University in Japan.","<p>MA in Public Economics, Hitotsubashi University, Tokyo, Japan</p><p>BS Economics, University of the Philippines Diliman, , </p>",0
17,Mengxi Xie,Economist,Economic Analysis and Operational Support Division,https://sites.google.com/view/mengxi-xie,Development economics; Environmental and ecological economics; Industrial organization,images/people/Mengxi-Xie.webp,"Mengxi Xie is an Economist in the Economic Research and Development Impact Department at the Asian Development Bank. Her research focuses on environmental and climate economics, innovation and growth, and industrial organization, with recent work on carbon border adjustment, pollution disclosure, and AI technology diffusion in developing Asia. She holds a Ph.D. in Business Economics from KU Leuven and master's and bachelor's degrees from Tsinghua University. Before joining ADB, she contributed to research at the International Monetary Fund, the United Nations Industrial Development Organization, and China's Development Research Center.","<p>Ph.D. in Business Economics, Katholieke Universiteit Leuven (KU Leuven), , </p><p>M.Sc. in Public Policy and Management, Tsinghua University, , </p><p>B.A. in International Politics, Tsinghua University, , </p>","<p>Xie, M., and S. Rousseau. 2024. “Policy Solutions for Addressing Carbon Leakage: Insights from Meta-Regression Analysis.” <em>Journal of Environmental Management</em> 365: 121557.</p>"
18,Neil Foster-McGregor,Principal Economist,Regional Cooperation and Integration Division,https://nfostermcgregor.com/,Development economics; International economics; Quantitative analysis,images/people/Neil-Foster-McGregor.webp,"I am an economist specializing in international trade, global value chains, innovation, structural change, and economic development. With more than 25 years of experience across academia and international organizations, I am currently Principal Economist at the Asian Development Bank. My research focuses on the intersection of trade, technology, structural tranformation, and sustainable development, with extensive work on productivity, technological upgrading, and global production networks. I have published widely in economics journals and led major policy reports for institutions including the Asian Development Bank, UNIDO, UN-ECLAC, and UNU-MERIT, contributing evidence-based analysis to development and trade policy debates globally.",,
19,Patrick Jaime A. Simba,Economics Analyst (Data Management),Macroeconomics Research Division,https://www.linkedin.com/in/patrick-jaime-simba/,Data science; Statistics; Quantitative analysis,images/people/Patrick-Jaime-A.-Simba.webp,"Patrick Jaime A. Simba is an Economics Analyst in the Macroeconomic Research (ERMR) division of the Asian Development Bank. His work focuses on macroeconomic monitoring, applied economic research, and statistical analysis, with contributions to flagship publications such as the Asian Development Outlook and country studies. He has a strong background in data science, specializing in machine learning engineering and natural language processing (NLP) models, and supports analytical work through large‑scale data management, automation, and the development of data‑driven tools and dashboards.","<p>Bachelor of Science in Quantitative Economics and Econometrics (Minor in Management), University of Minnesota – Twin Cities, College of Liberal Arts, Minneapolis, Minnesota, United States</p>","<p>Pundit, Madhavi, Arief Ramayandi, Patrick Jaime A. Simba, Dennis Sorino, and Sharyl Rose Tan. 2025. “<a href=""https://doi.org/10.2139/ssrn.5118493"">Monitoring Business Cycle Fluctuations in Asia</a>.” <em>ADB Economics Working Paper Series</em> 766.</p>"
20,Rhea M. Molato,Economics Officer,Office of the Chief Economist and Director General,https://scholar.google.com/citations?user=V2wKhDUAAAAJ&hl=en,"Public economics; Labor and demographic economics; Health, education, and welfare",images/people/Rhea-M.-Molato.webp,"Rhea Molato-Gayares is an Economics Officer at the Economic Research and Development Impact Department of ADB. She conducts policy-oriented research on labor, education, poverty, and social protection. She works with governments in formulating and implementing policy research. She holds a Ph.D. in Public Economics from the Ludwig-Maximilians-University of Munich and an M.A. in Economics from the University of the Philippines. She has published journal articles, working papers, policy reports, and policy briefs on various topics in development economics. Her work has been cited by media and served as input into ADB’s operations and governments’ policies.","<p>Ph.D. Public Economics, Ludwig-Maximilians-University of Munich, Germany</p><p>M.A. Economics, University of the Philippines, Philippines</p><p>B.S. Business Economics, University of the Philippines, Philippines</p>","<p>Molato-Gayares, Rhea, Stella Quimbo, Aleli Kraft, Carlos Antonio Tan Jr., and Joseph Capuno. 2019. “How Do the Intended and Unintended Beneficiaries Respond to the Philippines’ Conditional Cash Transfer Program?” <em>Review of Development Economics</em> 25 (3): 1267–1292.</p><p>Molato-Gayares, Rhea, Nina Ashley Dela Cruz, Ann Jillian Adona, and Albert Park. 2025. “Learning Loss and Recovery from the COVID-19 Pandemic: A Systematic Review of Evidence.” <em>International Journal of Educational Development</em> 115.</p><p>Molato-Gayares, Rhea, and Rana Hasan. 2019. “Wages over the Course of Structural Transformation: Evidence from India.” <em>Asian Development Review</em> 36 (2): 131–158.</p><p>Molato-Gayares, Rhea. 2019. “Public Debt and the Threat of Secession.” <em>The Philippine Review of Economics</em> LVI (1–2).</p><p>Molato-Gayares, Rhea, Jiaying Chen, Albert Park, and Dominique-Paul Tan. 2026. “Long-Term Outcomes of Multi-Context Childhood Poverty: Evidence from Long Panel Data from Indonesia.” ADB Economics Working Paper Series no. 833.</p><p>Molato-Gayares, Rhea, Emilie Berkhout, Sandy Maulana, Albert Park, and Daniel Suryadarma. 2025. “Lead Exposure and Cognitive Skills in a Developing Country: Evidence from Toxic Sites in Indonesia.” ADB Economics Working Paper Series no. 774.</p><p>Molato-Gayares, Rhea, Nina Ashley Dela Cruz, Ann Jillian Adona, and Albert Park. 2024. “Learning Loss and Recovery from the COVID-19 Pandemic: A Systematic Review of Evidence.” ADB Economics Working Paper Series no. 717.</p><p>Molato-Gayares, Rhea. 2015. “The Economic Cost of Secessionist Conflict in the Philippines.” Max Planck Institute for Tax Law and Public Finance Working Paper no. 2015-5.</p><p>Molato-Gayares, Rhea. 2015. “Public-Private Wage Differentials and the Quality of Government Workers in the Philippines.” Max Planck Institute for Tax Law and Public Finance Working Paper no. 2015-6.</p><p>Molato-Gayares, Rhea. 2015. “Public Debt and the Threat of Secession.” Max Planck Institute for Tax Law and Public Finance Working Paper no. 2015-4.</p>"
21,Roshen Fernando,Economist,Macroeconomics Research Division,https://roshenfernando.com,Development economics; Macroeconomics and monetary economics; Quantitative analysis,images/people/Roshen-Fernando.webp,"My work examines the economic implications of development challenges and related policies. I use economic models to devise policy options that address these development challenges. Before joining ADB, I worked as a consultant with the World Bank, where I co-developed economic models to assess the impact pathways of climate transition policies to inform advisory and analytical products. I obtained a PhD in economics from the Australian National University, with research focused on the economic effects of COVID-19, climate change, and antimicrobial resistance.","<p>PhD in Economics, Crawford School of Public Policy, The Australian National University, , Australia</p><p>Master of International and Development Economics (Commendation), Crawford School of Public Policy, The Australian National University, , Australia</p><p>Master of Financial Economics, Faculty of Arts, University of Colombo, , Sri Lanka</p><p>Master of Business Administration, Claude Littner Business School, University of West London, , United Kingdom</p><p>Bachelor (Honours) of Chemical and Process Engineering, Faculty of Engineering, University of Moratuwa, , Sri Lanka</p>","<p>McKibbin, Warwick, and Roshen Fernando. 2023. “The Global Economic Impacts of the COVID-19 Pandemic.” <em>Economic Modelling</em> 129: 1–18.</p><p>McKibbin, Warwick, and Roshen Fernando. 2021. “The Global Macroeconomic Impacts of COVID-19: Seven Scenarios.” <em>Asian Economic Papers</em> 19(4): 1–26.</p><p>Fernando, Roshen. 2020. “Global Impact of the Loss of Confidence in Asian Emerging Markets.” <em>The World Economy</em> 43(7): 1907–27.</p><p>Fernando, Roshen, and S. P. Premaratne. 2018. “Price Elasticity of Demand for Pipe-Borne Water: A Prerequisite for Solving the Water Problem in Colombo City.” <em>OUSL Journal</em> 13(1): 43–63.</p><p>McKibbin, Warwick, and Roshen Fernando. 2021. “Macroeconomic Policy Adjustments due to COVID-19: Scenarios to 2025 with a Focus on Asia.” In <em>COVID-19 Impacts and Policy Options: An Asian Perspective</em>, edited by J. Beirne, P. J. Morgan, and T. Sonobe, 423–72. Asian Development Bank Institute.</p><p>McKibbin, Warwick, and Roshen Fernando. 2020. “The Economic Impact of COVID-19.” In <em>Economics in the Time of COVID-19</em>, edited by R. Baldwin and B. W. di Mauro, 45–52. Centre for Economic Policy Research Press.</p><p>Premaratne, S. P., N. Ravinthirakumaran, and Roshen Fernando. 2019. <em>Production Theory</em>. Colombo: Kumaran Book House.</p><p>Fernando, Roshen, and Warwick McKibbin. 2024. “Global Economic Impacts of Antimicrobial Resistance.” Centre for Applied Macroeconomic Analysis Working Paper 41/2024. Canberra: Centre for Applied Macroeconomic Analysis; also published as Centre for Economic Policy Research Discussion Paper DP19138.</p><p>Fernando, Roshen. 2024. “Impact of Physical Climate Risks on Financial Assets.” Centre for Applied Macroeconomic Analysis Working Paper 38/2024. Canberra: Centre for Applied Macroeconomic Analysis.</p><p>Fernando, Roshen. 2024. “Global Economic Impacts of the Physical Climate Risks on Agriculture and Energy.” Centre for Applied Macroeconomic Analysis Working Paper 37/2024. Centre for Applied Macroeconomic Analysis.</p>"
22,Shigehiro Shinozaki,Senior Economist,Regional Cooperation and Integration Division,ORCID: https://orcid.org/0009-0008-0545-7321; LinkedIn: www.linkedin.com/in/shigehiro-shinozaki-a6506b96; Google Scholar: https://scholar.google.com/citations?hl=en&user=4fg3gx4AAAAJ,Development economics; Financial economics; Quantitative analysis,images/people/Shigehiro-Shinozaki.webp,"Shigehiro is a Senior Economist at the Economic Research and Development Impact Department (ERDI) of the Asian Development Bank (ADB). He supports ADB’s developing member countries in designing small and medium-sized enterprise (SME) development policies through various technical assistance projects. His research expertise includes SME development and inclusive finance in developing Asia. Prior to joining ADB, he held several expert positions at Japan’s Ministry of Finance, Organisation for Economic Co-operation and Development (OECD) in France, and as Japan International Cooperation Agency (JICA) expert on capital market development in Indonesia. He holds PhD in International Studies from Waseda University in Japan.","<p>Doctor of Philosophy in International Studies, Waseda University, Tokyo, Japan.</p><p>Master of Business Administration, ENPC School of International Management, École Nationale des Ponts et Chaussées, Paris, France.</p><p>Bachelor of Arts (Economics), Hosei University, Tokyo, Japan.</p>","<p>Asian Development Bank Institute (ADBI). 2025. <em><a href=""https://doi.org/10.56506/BQKT2599"">Strengthening the Ecosystem of Vibrant MSMEs for Resilient Growth in Asia and the Pacific</a></em>. Edited by Shigehiro Shinozaki, Peter J. Morgan, and Yasuyuki Sawada.</p><p>Oikawa, K., F. Iwasaki, Y. Sawada, and S. Shinozaki. 2025. “Unintended Consequences of Business Digitalization Among MSMEs During the COVID-19 Pandemic: The Case of the Philippines.” In <em>Strengthening the Ecosystem of Vibrant MSMEs for Resilient Growth in Asia and the Pacific</em>, 1–28.</p><p>Shinozaki, S., and D. Miyakawa. 2025. “Designing a Country’s SME Development Index Using Firm-Level Data: The Case of Thailand.” In <em>Strengthening the Ecosystem of Vibrant MSMEs for Resilient Growth in Asia and the Pacific</em>, 278–345.</p><p>Shinozaki, S. 2022. “<a href=""https://doi.org/10.56506/DYRX6960"">Informal Micro, Small, and Medium-Sized Enterprises and Digitalization: Challenges and Policy Actions in Indonesia</a>.” In <em>Informal Services in Asian Cities: Lessons for Urban Planning and Management from the COVID-19 Pandemic</em>, edited by Ashok Das and Bambang Susantono, 253–312. Tokyo and Manila: Asian Development Bank Institute and Asian Development Bank.</p><p>Shinozaki, S., and L. N. Rao. 2021. “Impacts of COVID-19 on Micro, Small, and Medium-Sized Enterprises under Lockdown: Evidence from a Rapid Survey in the Philippines.” In <em>COVID-19 Impacts and Policy Options—An Asian Perspective</em>, edited by John Beirne, Peter J. Morgan, and Tetsushi Sonobe, 140–187.</p><p>Shinozaki, S. 2021. “Chapter II—Before: The Trends and the Challenges.” In <em>Rethinking MSME Finance in Asia and the Pacific: A Post-Crisis Policy Agenda</em>, 18–53. United Nations Economic and Social Commission for Asia and the Pacific.</p><p>Park, C.-Y., and S. Shinozaki. 2020. “<a href=""https://doi.org/10.22617/TCS200287-2"">Micro, Small, and Medium-Sized Enterprises: Policy Measures for COVID-19</a>.” In <em>Navigating COVID-19 in Asia and the Pacific</em>, edited by Bambang Susantono, Yasuyuki Sawada, and Cyn-Young Park, 73–77.</p><p>Shinozaki, S. 2020a. “<a href=""https://doi.org/10.22617/TCS200234-2"">The COVID-19 Impact on Micro, Small, and Medium-Sized Enterprises: Evidence from Rapid Surveys in Indonesia, the Lao People’s Democratic Republic, the Philippines, and Thailand</a>.” In <em>Navigating COVID-19 in Asia and the Pacific</em>, edited by Bambang Susantono, Yasuyuki Sawada, and Cyn-Young Park, 78–87.</p><p>Shinozaki, S. 2020b. “<a href=""https://doi.org/10.22617/TCS200134-2"">Private Sector Development and Access to Finance</a>.” In <em>Uzbekistan—Quality Job Creation as a Cornerstone for Sustainable Economic Growth: Country Diagnostic Study</em>, edited by Kym Anderson, Edimon Ginting, and Kiyoshi Taniguchi, 136–177.</p><p>Shinozaki, S. 2015. “<a href=""https://doi.org/10.1142/9789814678810_0005"">A New Regime of SME Finance in Emerging Asia: Enhancing Access to Growth Capital and Policy Implications</a>.” In <em>Foreign Direct Investment and Small and Medium Enterprises—Productivity and Access to Finance</em>, edited by Khee Giap Tan and Kong Yam Tan, 77–103.</p>"
23,Takaaki Masaki,Senior Economist (Data Science),Data Division,https://takaakimasaki.github.io/,Quantitative analysis; Statistics; Development economics; Data science,images/people/Takaaki-Masaki.webp,"Takaaki Masaki is a Senior Economist (Data Science) in the Data Division of the Economic Research and Development Impact Department at ADB. His work focuses on leveraging GIS, big data, remote sensing, and machine learning to strengthen development statistics—particularly agricultural and rural statistics—and to advance high-resolution welfare and poverty mapping. Through these approaches, he supports spatial targeting to maximize development impact and evaluates the distributional implications of policy interventions. Prior to joining ADB, he worked as a Senior Economist at the World Bank, where he led a number of analytical projects using innovative data sources—such as satellite and remote-sensing data—to improve welfare and poverty measurement, enhance agricultural statistics, assess spatial inequalities, and inform evidence-based policy design in data-scarce environments.",,
24,Wenyin Cheng,Economist,Regional Cooperation and Integration Division,https://wenyincheng.org/,International economics; Development economics; Quantitative analysis,images/people/Wenyin-Cheng.webp,"Wenyin Cheng is an Economist of the Economic Research and Development Impact department. He specializes in global value chains, regional cooperation and integration, and innovation. His career spaned academia (Tsinghua University and IDE-JETRO), think tanks (Institute for Contemporary China Studies), and international organizations (OECD). His research has been published in peer-reviewed journals, including Technovation, Technological Forecasting and Social Change, China Economic Review, Industrial and Corporate Change, etc. Additionally, he serves as an editorial board member for a few journals. He holds a Ph.D. from Tsinghua University, including one year in a joint PhD program at Columbia University.","<p>PhD in Management (Innovation Economics), Tsinghua University, , China</p><p>Master of Economics (Labor Economics), Chinese Academy of Social Sciences, , China</p><p>Bachelor of Economics (Finance), Jilin University, , China</p>","<p>Cheng, W., Z. Li, J. Chen, and M. Ye. 2025. “Smile Curve of Technological Learning: A Case Study of Nuclear Power Reactor Technology in China.” <em>Industrial and Corporate Change</em>, dtaf013.</p><p>Cheng, W., S. Liu, B. Meng, and Y. Gao. 2025. “Impact of Countercyclical Fiscal Policy on Total Factor Productivity in State-Owned Enterprises: A Corporate Governance Perspective.” <em>Economic Analysis and Policy</em> 85: 1916–1930.</p><p>Cheng, W., B. Meng, Y. Gao, and D. Dollar. 2024. “The Paradox of Decelerated Technology Importation and Accelerated Innovation in China: Insights from National Technology Development Zones.” <em>China Economic Review</em> 88 (December): 102303.</p><p>Cheng, W., X. Ouyang, A. Yu, Z. Shen, and M. Vardanyan. 2024. “Subjective Perceptions versus Objective Outcomes: Assessing the Impact of Smart City Pilots on Environmental Quality in China.” <em>Technological Forecasting and Social Change</em> 209: 123799.</p><p>Wang, D., M. Sun, B. Meng, Y. An, W. Cheng, and B. Ye. 2024. “Can Carbon Market Efficiency Promote Green Technology Innovation for Chinese Companies?” <em>Energy</em> 309: 133157.</p><p>Cheng, W., Z. Li, and J. Chen. 2024. “Chinese Innovation Modernization and Self-Reliance in Science and Technology: Perspective of Autonomous Introduction.” <em>China Soft Science</em> (11): 12–22.</p><p>Cheng, W., Z. Li, J. Chen, B. Yang, and Y. Liu. 2024. “The Developmental Logic of China’s Patent Policy: Goal Orientation, Practical Outcomes, and Avenues for Improvement.” <em>Development Research</em> (5): 38–44.</p><p>Xie, Y., P. Zhang, Z. Yang, and W. Cheng. 2023. “Redistributive Capacity and International Trade: A Cross-Country Analysis.” <em>Global Economic Review</em> 52(2): 167–186.</p><p>Zhao, Q., Q. Luo, L. Wang, and W. Cheng. 2023. “Are Inventors Better CEOs? Evidence from China.” <em>Review of Economic Assessment</em> 2(1): 1–25.</p><p>Wang, L., Q. Zhao, and W. Cheng. 2023. “Political Promotion and Manufacturing Firm Productivity: Evidence from Chinese Firms.” <em>Review of Economic Assessment</em> 2(2): 1–16.</p>"
25,Yi Jiang,Director,Economic Analysis and Operational Support Division,https://scholar.google.com/citations?hl=en&user=BRWPjU4AAAAJ,Environmental and ecological economics; Infrastructure sectors,images/people/Jiang-Yi.webp,"Yi Jiang is an economist and Director in the Economic Analysis and Operational Support Division of the Asian Development Bank’s Economic Research and Development Impact Department. His current research focuses on urban infrastructure and its broader economic impacts, as well as urban development and climate change. His work has been published in journals such as Economic Development and Cultural Change, Journal of Development Economics, World Bank Economic Review, and World Development. He previously worked in ADB’s East Asia Department from 2011 to 2015 on lending and policy advisory projects in the agriculture, natural resources, and environment sectors.","<p>Ph.D. in Economics, University of Maryland, College Park, USA</p><p>M.A. in Statistics, University of Missouri-Columbia, USA</p><p>B.A. in Economics and Finance, Zhejiang University, China</p>","<p>Jiang, Yi, Taylor Lathrop, Alexander D. Rothenberg, and Yao Wang. 2026. “Urban Sprawl and Residential Carbon Emissions: Evidence from Indonesia and the Philippines.” <em>CPR Working Paper</em> No. 281. Syracuse.</p><p>Jiang, Yi, Alexander D. Rothenberg, Radine Rafols, and Yao Wang. 2025. “A Capital Idea? The Welfare Effects of Relocating Indonesia’s Government to a New City.” <em>CPR Working Paper</em> No. 278. Syracuse.</p><p>Jiang, Yi, and Eiji Yamada. 2025. “The Impact of Dhaka Mass Rapid Transit on Road Congestion.” <em>JICA Ogata Research Institute Discussion Paper</em> No. 35.</p><p>Jiang, Yi, John Gibson, Albert Park, Xiaoxuan Zhang, and Xi Li. 2023. “Remotely Measuring Rural Economic Activity and Poverty: Do We Just Need Better Sensors?” <em>Center for Economic Institutions, Hitotsubashi University Working Paper</em> No. 2023-08.</p><p>Jiang, Yi, and Jade Laranjo. 2024. “Metropolitan Areas Delineation and Resilience under Public Health Crisis: Evidence from the Philippines.” <em>ADB Economics Working Paper Series</em> No. 736.</p><p>Jiang, Yi, Liming Chen, Rana Hasan, and Andrii Parkhomenko. 2024. “Faster, Taller, Better: Transit Improvements and Land Use Policies.” <em>Journal of Development Economics</em> 171: 103322.</p><p>Jiang, Yi, John Gibson, Xiaoxuan Zhang, and Geua Boe-Gibson. 2024. “<a href=""https://doi.org/10.1007/s41885-024-00152-6"">Are Disaster Impact Estimates Distorted by Errors in Popular Night-Time Lights Data?</a>” <em>Economics of Disasters and Climate Change</em>.</p><p>Jiang, Yi, John Gibson, and Bambang Susantono. 2023. “Revisiting the Role of Secondary Towns: How Different Types of Urban Growth Related to Poverty in Indonesia.” <em>World Development</em> 169: 106281.</p><p>Jiang, Yi, Milan Thomas, and Jade Laranjo. 2022. “COVID-19 Lockdown Policy and Urban Mobility in the Philippines.” <em>PLOS ONE</em> 17 (6): e0270555.</p><p>Jiang, Yi, Renz Adrian T. Calub, and Xiaoting Zheng. 2022. “Water Tariff Setting and Its Welfare Implications: Evidence from Chinese Cities.” <em>Water Resources and Economics</em> 38: p100199.</p>"